"Sample.ID","TA","Mass"
"20180717_H3_B",2070.30929853545,59.931
"20180717_H3_T",2061.98644074545,60.5019
"20180717_H2_B",2062.89553419445,60.9138
"20180717_inflow_sump",2060.81612772542,59.574
"20180717_H2_T",2057.24929419531,60.5704
"20180717_H1_B",2065.23107116383,60.7607
"20180717_H1_T",2061.55733349646,60.0912
"20180717_H0_T",2063.51023909578,60.5825
"20180717_H0_B",2060.79264338464,60.3305
