"Sample.ID","TA","Mass"
"20180717_JUNK",2054.04772551535,59.5856
"20180717_CRM1",2223.1311968377,59.1414
"20180717_CRM2",2225.14051021594,59.0625
