"Sample.ID","TA","Mass"
"20180724_JUNK",2056.333748542,59.6162
"20180724_CRM1",2218.33112796037,59.0948
"20180724_CRM2",2217.50572075656,59.1501
