"SampleID","TA","Mass"
"20180703_Junk",1970.538604832,60.8404
"20180703_CRM1",2125.94049861662,59.1825
"20180703_CRM2",2130.72167880355,59.5014
