"SampleID","TA","Mass"
"20180703_Junk_20180628_sump_water",2043.2988600663,60.8404
"20180703_CRM1",2207.25130200177,59.1825
"20180703_CRM2",2212.36594191976,59.5014
