"Sample.ID","TA","Mass"
"20180713_Heathstack_outdoor",2063.23059130918,60.6248
"20180713_H2_T",2052.52723002409,60.9886
"20180713_H3_B",2056.61521724544,60.2307
"20180713_H3_T",2056.58714428758,59.1286
"20180713_H1_B",2057.70986174927,60.1233
"20180713_H2_B",2054.63980909397,60.2168
"20180713_H1_T",2050.0577066883,60.6424
"20180713_H0_T",2049.08561393963,60.6441
"20180713_H0_B",2052.01257868042,60.1952
