"Sample.ID","TA","Mass"
"20180715_JUNK",2066.93461808835,59.8151
"20180715_CRM1",2225.35251508062,59.0208
"20180715_CRM2",2223.78360182843,59.1817
