"Sample.ID","TA","Mass"
"20180813_JUNK",2072.69096636422,60.7105
"20180813_CRM1",2232.08163227888,59.2093
"20180813_CRM2",2233.00741506772,59.0279
