"Sample.ID","TA","Mass"
"20180813_H0_B",2038.54835812032,60.2559
"20180813_H0_T",2036.27115532273,60.7326
"20180813_H1_T",2035.18359729018,60.4454
"20180813_H1_B",2034.46148137529,59.6238
"20180813_H2_T",2027.99068889689,60.2336
"20180813_H2_B",2032.21095581525,60.7755
"20180813_H3_T",2028.85053597787,60.5061
"20180813_H3_B",2031.2206419191,60.4277
