"Sample.ID","TA","Mass"
"20180720_JUNK",2058.21184404485,59.3953
"20180720_CRM1",2219.58555239362,59.1559
"20180720_CRM2",2219.99523771265,59.527
