"Sample.ID","TA","Mass"
"20180811_H0_T",2054.78866925011,60.7023
"20180811_H0_B",2045.02695679488,60.4734
"20180811_H1_T",2047.9332132344,60.4374
"20180811_H1_B",2052.14200838999,60.3228
"20180811_H2_T",2046.31076369065,60.3841
"20180811_H2_B",2048.19399754226,60.6105
"20180811_H3_T",2042.67150688821,60.2539
"20180811_H3_B",2044.45343523348,60.9001
