"Sample.ID","TA","Mass"
"20180811_JUNK",2068.3977369496,60.1175
"20180811_CRM1",2231.32306238023,59.2085
"20180811_CRM2",2230.67929765782,59.3719
