"Sample.ID","TA","Mass"
"20180713_JUNK",2047.5613790899,60.5603
"20180713_CRM1",2237.99645974968,59.1101
"20180713_CRM2",2238.49652538102,60.3692
