"Sample.ID","TA","Mass"
"20180805_JUNK",2073.26580135175,59.1176
"20180805_CRM1",2238.08670267742,59.0549
"20180805_CRM2",2237.82989937382,59.3566
