"Sample.ID","TA","Mass"
"20180812_JUNK",2071.27246187592,60.6857
"20180812_CRM1",2233.33946710619,59.1624
"20180812_CRM2",2231.12369870915,59.7268
