"Sample.ID","TA","Mass"
"20180812_H0_B",2034.10703003559,59.0149
"20180812_H0_T",2033.53291527342,60.2695
"20180812_H1_T",2025.42873289885,60.7419
"20180812_H1_B",2031.42661159473,60.3153
"20180812_H2_T",2027.15868209745,60.4524
"20180812_H2_B",2024.15231592166,60.9493
"20180812_H3_T",2030.23838302927,60.5558
"20180812_H3_B",2023.40848571348,60.9045
