"Sample.ID","TA","Mass"
"20180810_H0_T",2029.46582546115,60.9515
"20180810_H0_B",2033.5829790305,60.275
"20180810_H1_T",2041.94134514065,60.6814
"20180810_H1_B",2037.20087225287,60.2486
"20180810_H2_T",2061.6758112846,60.8076
"20180810_H2_B",2036.10662183978,60.4985
"20180810_H3_T",2039.32223615441,60.7883
"20180810_H3_B",2034.88632813078,60.931
