"Sample.ID","TA","Mass"
"20180810_JUNK",2070.01851686658,60.4245
"20180810_CRM1",2235.92240435537,59.3916
"20180810_CRM2",2233.32101711139,59.1705
