"Sample.ID","TA","Mass"
"20180722_JUNK",2056.6240242755,60.3672
"20180722_CRM1",2221.3034933612,59.2056
"20180722_CRM2",2217.94193555463,59.0158
