"SampleID","TA","Mass"
"20180627_Junk1",1955.86607592065,60.5138
"20180627_Junk2",1953.35105366083,61.619
"20180627_Junk3",1951.64585926144,60.0611
"20180627_Junk4",1954.95185180383,60.5103
"20180627_Junk5",1946.67226533919,61.2874
"20180627_Junk6",1947.43897313289,60.0291
"20180627_Junk7",1947.63576491457,59.9206
"20180627_Junk8",1943.86290371199,61.9995
"20180627_Junk9",1944.17715745593,60.7892
