Sample.ID,TA,Mass
20180716_JUNK,2055.155422,60.7668
20180716_CRM1,2224.116078,59.176
20180716_CRM2,2225.110369,59.607
