"Treatment","mean.Salinity","sem.Salinity","mean.Temperature","sem.Temperature","mean.pH","sem.pH","mean.CO2","sem.CO2","mean.pCO2","sem.pCO2","mean.HCO3","sem.HCO3","mean.CO3","sem.CO3","mean.DIC","sem.DIC","mean.TA","sem.TA","mean.Aragonite.Sat","sem.Aragonite.Sat"
"Ambient",28.93390625,0.0329890082008898,15.382234375,0.142377036794013,7.88775524545321,0.00616434301952922,21.8193064412889,0.42527145542759,569.42872662835,9.2629345458463,1819.5693681339,4.96265113799638,91.9674820240569,1.40004470827448,1933.35615659924,4.00464026356873,2047.1185574261,1.73232600292569,1.44394523271843,0.0227151988459772
"Low",28.88,0.033894824486699,15.4645,0.141986557602058,7.29482819624586,0.003993749305777,92.1647216925969,0.695463742862684,2422.25713222609,23.8358746265129,1984.18025740074,1.64226250449553,25.5047239833986,0.177237231804556,2101.84970307673,1.70380778647083,2047.26517560118,1.76166238280186,0.400392897844361,0.00272588981482006
