"Treatment","mean.Salinity","sem.Salinity","mean.Temperature","sem.Temperature","mean.pH","sem.pH","mean.CO2","sem.CO2","mean.pCO2","sem.pCO2","mean.HCO3","sem.HCO3","mean.CO3","sem.CO3","mean.DIC","sem.DIC","mean.TA","sem.TA","mean.Aragonite.Sat","sem.Aragonite.Sat"
"Ambient",29.1176,0.0480634303117592,15.0172,0.193514831472939,7.89719627751048,0.0120206276768756,21.5329453225119,0.725003151907456,557.011486083578,16.7103288269708,1819.85934234805,6.90641689217058,93.3142384586656,2.56174902827397,1934.70652612923,5.10116096390873,2050.954133,1.14578304759038,1.46220819547229,0.0406224584957202
