"SampleID","TA","Mass"
"20180704_Junk_sump",1984.26222268923,59.867
"20180704_CRM1",2127.9369354287,59.8974
"20180704_CRM2",2126.0608102768,59.789
