"SampleID","TA","Mass"
"20180704_Junk_sump",2044.09072156678,59.867
"20180704_CRM1",2212.15255333784,59.8974
"20180704_CRM2",2210.20149709346,59.789
