"Sample.ID","TA","Mass"
"20180804_JUNK",2063.90707987005,60.8847
"20180804_CRM1",2232.32895867051,59.1497
"20180804_CRM2",2230.62045276035,59.1159
