"Sample.ID","TA","Mass"
"20180719_JUNK",2053.88469462241,60.719
"20180719_CRM1",2222.48791575037,59.5308
"20180719_CRM2",2223.8802732786,59.6723
