"Sample.ID","TA","Mass"
"20180802_JUNK",2067.75949961086,60.5852
"20180802_CRM1",2210.90432662717,59.2072
"20180802_CRM2",2211.80732833522,59.0722
