"Sample.ID","TA","Mass"
"20180714_JUNK",2060.50973314597,59.996
"20180714_CRM1",2228.48279418863,59.383
"20180714_CRM2",2228.4930440073,59.2409
