"Sample.ID","TA","Mass"
"20180718_JUNK",2018.6771742235,60.6096
"20180718_CRM1",2221.1566491055,59.6861
"20180718_CRM2",2225.3988457087,59.3746
