"Sample.ID","TA","Mass"
"20180718_H0_T",2054.66093583378,60.0596
"20180718_H0_B",2056.25631022469,59.1802
"20180718_H1_T",2052.29486753534,60.2216
"20180718_H1_B",2056.27181441486,59.4765
"20180718_H2_B",2052.77209579921,60.5286
"20180718_H2_T",2060.02219656161,60.6053
"20180718_H3_T",2056.75980822709,59.2755
"20180718_H3_B",2054.15160165958,60.4648
"20180718_inflow_sump",2049.70398955819,60.4327
