"SampleID","TA","Mass"
"20180708_Junk",2048.74826287629,59.8212
"20180708_CRM1",2225.73847437236,59.4845
"20180708_CRM2",2221.43286068883,59.9168
