"SampleID","TA","Mass"
"20180626_Junk1",1974.15544513492,59.925
"20180626_Junk2",1949.89565397053,59.499
"20180626_Junk3",1936.18785503845,60.7773
