"Sample.ID","TA","Mass"
"20180807_JUNK",2074.97979945524,59.909
"20180807_CRM1",2235.79638365359,59.3295
"20180807_CRM2",2235.52903334573,59.1175
