"SampleID","TA","Mass"
"20180712_JUNK",2044.57345101937,60.1542
"20180712_CRM1",2230.02922017159,59.9695
"20180712_CRM2",2229.14217001016,59.6345
