"Sample.ID","TA","Mass"
"20180809_JUNK",2068.08896962692,59.6139
"20180809_CRM1",2232.46019123962,59.3536
"20180809_CRM2",2232.83094773729,59.0841
