"Sample.ID","TA","Mass"
"20180809_H3_T",2041.3479208961,59.9319
"20180809_H3_B",2037.10461049518,60.8972
"20180809_H2_B",2032.01288517858,59.9586
"20180809_H2_T",2037.72299737191,60.2305
"20180809_H0_T",2039.90511893159,59.3157
"20180809_H1_T",2034.08158724833,60.5992
"20180809_H1_B",2033.49754217523,60.8238
"20180809_H0_B",2033.30565884807,60.7224
