"Sample.ID","TA","Mass"
"20180723_JUNK",2059.42297863006,60.338
"20180723_CRM1",2218.08941046548,59.232
"20180723_CRM2",2221.69869037225,59.0274
