"Sample.ID","TA","Mass"
"20180808_JUNK",2069.95099364093,59.0097
"20180808_CRM1",2235.33436472772,59.1379
"20180808_CRM2",2237.31653108333,59.1612
