"Sample.ID","TA","Mass"
"20180721_JUNK",2054.53969060285,60.6513
"20180721_CRM1",2218.28505794549,59.2593
"20180721_CRM2",2220.89357157231,59.2624
