"Sample.ID","TA","Mass"
"20180731_JUNK",2065.35640480461,60.5379
"20180731_CRM1",2211.72098356853,59.1042
"20180731_CRM2",2212.47401932049,59.4037
